{
  "exact_match": 0.0,
  "avg_f1": 0.05901774415985026,
  "rouge_scores": {
    "rouge-1": 0.014607162110282124,
    "rouge-2": 0.0012727272727272726,
    "rouge-l": 0.014607162110282124
  },
  "avg_inference_time": 40.52122376203537,
  "total_samples": 100
}