{
  "exact_match": 0.0,
  "avg_f1": 0.0913377467209442,
  "rouge_scores": {
    "rouge-1": 0.01192360779317301,
    "rouge-2": 0.0041769041769041775,
    "rouge-l": 0.010541222062961193
  },
  "avg_inference_time": 20.18956294775009,
  "total_samples": 100
}